<?xml version="1.0" encoding="UTF-8"?>
<project-private xmlns="http://www.netbeans.org/ns/project-private/1">
    <editor-bookmarks xmlns="http://www.netbeans.org/ns/editor-bookmarks/2" lastBookmarkId="0"/>
    <open-files xmlns="http://www.netbeans.org/ns/projectui-open-files/2">
        <group>
            <file>file:/C:/Users/ALUMNOS_FP/OneDrive%20-%20TuniverS%20Formación/Documentos/NetBeansProjects/ExamenEndesT4/src/javadoc/GestorPersonal.java</file>
            <file>file:/C:/Users/ALUMNOS_FP/OneDrive%20-%20TuniverS%20Formación/Documentos/NetBeansProjects/ExamenEndesT4/src/refactor/Employee.java</file>
            <file>file:/C:/Users/ALUMNOS_FP/OneDrive%20-%20TuniverS%20Formación/Documentos/NetBeansProjects/ExamenEndesT4/src/refactor/Report.java</file>
            <file>file:/C:/Users/ALUMNOS_FP/OneDrive%20-%20TuniverS%20Formación/Documentos/NetBeansProjects/ExamenEndesT4/src/javadoc/Empleado.java</file>
            <file>file:/C:/Users/ALUMNOS_FP/OneDrive%20-%20TuniverS%20Formación/Documentos/NetBeansProjects/ExamenEndesT4/src/refactor/Order.java</file>
            <file>file:/C:/Users/ALUMNOS_FP/OneDrive%20-%20TuniverS%20Formación/Documentos/NetBeansProjects/ExamenEndesT4/src/refactor/Timer.java</file>
        </group>
    </open-files>
</project-private>
